{
  "jsonb": {
    "JSONB simple access": {
      "avg_ms": 0.31481266021728516,
      "min_ms": 0.13709068298339844,
      "max_ms": 5.769968032836914,
      "median_ms": 0.1609325408935547,
      "p95_ms": 0.8220672607421875
    },
    "JSONB containment": {
      "avg_ms": 0.18152713775634766,
      "min_ms": 0.13709068298339844,
      "max_ms": 0.6766319274902344,
      "median_ms": 0.1494884490966797,
      "p95_ms": 0.3199577331542969
    },
    "JSONB path access": {
      "avg_ms": 0.22776126861572266,
      "min_ms": 0.19288063049316406,
      "max_ms": 0.6039142608642578,
      "median_ms": 0.21839141845703125,
      "p95_ms": 0.25582313537597656
    },
    "JSONB GIN index search": {
      "avg_ms": 0.20406246185302734,
      "min_ms": 0.10991096496582031,
      "max_ms": 0.5950927734375,
      "median_ms": 0.20301342010498047,
      "p95_ms": 0.3228187561035156
    },
    "JSONB complex query": {
      "avg_ms": 0.15485763549804688,
      "min_ms": 0.11587142944335938,
      "max_ms": 0.26702880859375,
      "median_ms": 0.14293193817138672,
      "p95_ms": 0.23603439331054688
    }
  }
}